sample_id	fastq	sample_name
6403_1_HepG2_DMSO_r1_CTTACGAACT-ACGGACTGAG_S52_R1_001	6403_1_HepG2_DMSO_r1_CTTACGAACT-ACGGACTGAG_S52_R1_001.fastq.gz	HepG2_DMSO_r1
6403_2_HepG2_LXR_r1_CCTGACATCT-TAGCTACCAG_S55_R1_001	6403_2_HepG2_LXR_r1_CCTGACATCT-TAGCTACCAG_S55_R1_001.fastq.gz	HepG2_LXR_r1
6403_3_HepG2_PPARa_r1_AAGCGCTTAG-TGTCTGTGAC_S54_R1_001	6403_3_HepG2_PPARa_r1_AAGCGCTTAG-TGTCTGTGAC_S54_R1_001.fastq.gz	HepG2_PPARa_r1
6403_4_HepG2_FXR_r1_CTCTATTGAG-CACGCAAGTC_S58_R1_001	6403_4_HepG2_FXR_r1_CTCTATTGAG-CACGCAAGTC_S58_R1_001.fastq.gz	HepG2_FXR_r1
6403_5_HepG2_SXR_r1_CCGAACAGAG-TGATACTCGC_S59_R1_001	6403_5_HepG2_SXR_r1_CCGAACAGAG-TGATACTCGC_S59_R1_001.fastq.gz	HepG2_SXR_r1
6403_6_K562_r1_CCGTGAGTTC-CTTGGTATGA_S57_R1_001	6403_6_K562_r1_CCGTGAGTTC-CTTGGTATGA_S57_R1_001.fastq.gz	K562_r1
6403_7_HepG2_DMSO_r2_AGGTAACAAC-GCACGATGCT_S62_R1_001	6403_7_HepG2_DMSO_r2_AGGTAACAAC-GCACGATGCT_S62_R1_001.fastq.gz	HepG2_DMSO_r2
6403_8_HepG2_LXR_r2_TGGAGATCGA-CAGCGGTATG_S64_R1_001	6403_8_HepG2_LXR_r2_TGGAGATCGA-CAGCGGTATG_S64_R1_001.fastq.gz	HepG2_LXR_r2
6403_9_HepG2_PPARa_r2_CAAGACTCAA-CACCGTCATA_S63_R1_001	6403_9_HepG2_PPARa_r2_CAAGACTCAA-CACCGTCATA_S63_R1_001.fastq.gz	HepG2_PPARa_r2
6403_10_HepG2_FXR_r2_CGAGCGTAGT-TGCTCACGCA_S61_R1_001	6403_10_HepG2_FXR_r2_CGAGCGTAGT-TGCTCACGCA_S61_R1_001.fastq.gz	HepG2_FXR_r2
6403_11_HepG2_SXR_r2_AACAACACAG-GAACATTGGC_S65_R1_001	6403_11_HepG2_SXR_r2_AACAACACAG-GAACATTGGC_S65_R1_001.fastq.gz	HepG2_SXR_r2
6403_12_K562_r2_CACTTACGGC-GCTGGAGAAG_S66_R1_001	6403_12_K562_r2_CACTTACGGC-GCTGGAGAAG_S66_R1_001.fastq.gz	K562_r2
6403_13_HepG2_DMSO_r3_AGAACTAACG-TTATCGAGAG_S51_R1_001	6403_13_HepG2_DMSO_r3_AGAACTAACG-TTATCGAGAG_S51_R1_001.fastq.gz	HepG2_DMSO_r3
6403_14_HepG2_LXR_r3_TCAATTCCGA-TGTAGATCCG_S53_R1_001	6403_14_HepG2_LXR_r3_TCAATTCCGA-TGTAGATCCG_S53_R1_001.fastq.gz	HepG2_LXR_r3
6403_15_HepG2_PPARa_r3_CGCACTTCGT-AATATGCCAG_S56_R1_001	6403_15_HepG2_PPARa_r3_CGCACTTCGT-AATATGCCAG_S56_R1_001.fastq.gz	HepG2_PPARa_r3
6403_16_HepG2_FXR_r3_CCAGACCGAT-GCTACTTGCA_S67_R1_001	6403_16_HepG2_FXR_r3_CCAGACCGAT-GCTACTTGCA_S67_R1_001.fastq.gz	HepG2_FXR_r3
6403_17_HepG2_SXR_r3_TCGACGGCAA-GTAGTTGTGT_S60_R1_001	6403_17_HepG2_SXR_r3_TCGACGGCAA-GTAGTTGTGT_S60_R1_001.fastq.gz	HepG2_SXR_r3
6403_18_K562_r3_CTGGATTACT-AAGTGTGCTA_S68_R1_001	6403_18_K562_r3_CTGGATTACT-AAGTGTGCTA_S68_R1_001.fastq.gz	K562_r3
6403_19_HCT116_Ki67-AID_DMSO_r1_AGACTAGATG-CGTAACACTA_S69_R1_001	6403_19_HCT116_Ki67-AID_DMSO_r1_AGACTAGATG-CGTAACACTA_S69_R1_001.fastq.gz	HCT116_Ki67AID_DMSO_r1
6403_20_HCT116_Ki67-AID_IAA_r1_TCAGCATCTA-CCAGTGTACG_S70_R1_001	6403_20_HCT116_Ki67-AID_IAA_r1_TCAGCATCTA-CCAGTGTACG_S70_R1_001.fastq.gz	HCT116_Ki67AID_IAA_r1
6403_21_HCT116_Ki67-AID_DMSO_r2_GAGCAGCTTG-TGCCAGTATT_S71_R1_001	6403_21_HCT116_Ki67-AID_DMSO_r2_GAGCAGCTTG-TGCCAGTATT_S71_R1_001.fastq.gz	HCT116_Ki67AID_DMSO_r2
6403_22_HCT116_Ki67-AID_IAA_r2_CGGAACACAA-AACTCTACCG_S72_R1_001	6403_22_HCT116_Ki67-AID_IAA_r2_CGGAACACAA-AACTCTACCG_S72_R1_001.fastq.gz	HCT116_Ki67AID_IAA_r2
6403_23_HCT116_Ki67-AID_DMSO_r3_CTTGCTATTC-TAGAGTCACG_S73_R1_001	6403_23_HCT116_Ki67-AID_DMSO_r3_CTTGCTATTC-TAGAGTCACG_S73_R1_001.fastq.gz	HCT116_Ki67AID_DMSO_r3
6403_24_HCT116_Ki67-AID_IAA_r3_CCACAGCCTT-GCTATTGAAG_S74_R1_001	6403_24_HCT116_Ki67-AID_IAA_r3_CCACAGCCTT-GCTATTGAAG_S74_R1_001.fastq.gz	HCT116_Ki67AID_IAA_r3